business_name,category,city,address,phone,source,rating,established_year,opening_time,closing_time
Gaba-Bedi Ltd,Retail & Supermarket,Chennai,"H.No. 10, Apte Path, Street, Chennai",9860861129,Bing Places,3.8,1997,09:00,22:00
Bandi Inc PLC,Healthcare & Clinic,Mumbai,"H.No. 26, Patil Chowk, Street, Mumbai",07637920947,Google Maps,4.8,1986,24 Hours,24 Hours
"Bakshi, Sidhu and Kaur PLC",Healthcare & Clinic,Mumbai,"84/18, Mane Path, Street, Mumbai",+918956453873,Bing Places,4.4,1990,08:00,20:00
"Pandey, Mammen and Seshadri Inc",Healthcare & Clinic,Ahmedabad,"36/202, Sathe Street, Street, Ahmedabad",+918559989440,Sulekha,4.1,2016,08:00,20:00
"Bora, Kant and Mani PLC",IT Services & Consulting,Ahmedabad,"H.No. 37, Lall Chowk, Street, Ahmedabad",1544278249,Google Maps,3.9,1998,09:00,18:00
"Bawa, Tailor and Rajagopal PLC",Hospitality & Hotel,Ahmedabad,"09, Narang Circle, Street, Ahmedabad",9540368868,Bing Places,3.8,1981,24 Hours,24 Hours
Buch and Sons Group,Automobile & Repair,Delhi,"29/57, Nadkarni Chowk, Street, Delhi",09116406984,Bing Places,3.2,1995,09:00,20:00
"Wali, Seshadri and Saraf Inc",Fitness & Wellness,Delhi,"62/37, Kapur Chowk, Street, Delhi",+916241618271,YellowPages,4.2,2010,05:00,22:00
Pandey Group PLC,Retail & Supermarket,Kolkata,"34/10, Goswami Nagar, Street, Kolkata",01974293257,Justdial,3.9,2008,09:00,22:00
"Ganesh, Balakrishnan and Kota Inc",Restaurant & Cafe,Kolkata,"H.No. 100, Narasimhan Marg, Street, Kolkata",8452896289,YellowPages,3.4,2004,11:00,23:00
Rattan-Kapadia and Sons,Restaurant & Cafe,Jaipur,"46/700, Patil Circle, Street, Jaipur",03574689420,Bing Places,4.9,2005,11:00,23:00
Date-Banik LLC,IT Services & Consulting,Jaipur,"H.No. 63, Baria Circle, Street, Jaipur",0448762498,Bing Places,3.8,2020,09:00,18:00
Raval Inc Inc,Automobile & Repair,Mumbai,"H.No. 19, Garde Zila, Street, Mumbai",07695369265,Google Maps,4.4,1990,09:00,20:00
Nayar PLC Ltd,Education & Training,Kolkata,"76/72, Batta Ganj, Street, Kolkata",07269257453,Sulekha,3.2,2006,08:00,17:00
"Doshi, Bhasin and Parikh and Sons",IT Services & Consulting,Mumbai,"H.No. 94, Nigam Nagar, Street, Mumbai",+914763133049,Justdial,4.7,1992,09:00,18:00
"Mammen, Sidhu and Dasgupta Group",Financial Services,Jaipur,"61, Buch Road, Street, Jaipur",7656920202,Justdial,3.7,1998,09:00,17:00
Modi-Doshi and Sons,IT Services & Consulting,Bengaluru,"02/094, Saha Ganj, Street, Bengaluru",01498806086,Sulekha,3.8,2000,09:00,18:00
Vala Inc Inc,Retail & Supermarket,Chennai,"65/77, Chopra Path, Street, Chennai",4196903115,YellowPages,4.2,2010,09:00,22:00
Bal PLC PLC,Hospitality & Hotel,Chennai,"45, Dey Road, Street, Chennai",+912662488828,Google Maps,3.9,2015,24 Hours,24 Hours
Sheth PLC Inc,Hospitality & Hotel,Delhi,"634, Dash Chowk, Street, Delhi",+917595178970,Sulekha,4.7,2020,24 Hours,24 Hours
Dara LLC Group,Education & Training,Pune,"56, Dey Path, Street, Pune",+913759752780,Bing Places,3.5,1973,08:00,17:00
Sheth PLC PLC,Financial Services,Hyderabad,"66/802, Hari Road, Street, Hyderabad",+919687471048,Justdial,4.5,2005,09:00,17:00
Dhar Group Ltd,Automobile & Repair,Surat,"234, Menon Road, Street, Surat",8766197603,YellowPages,4.4,2005,09:00,20:00
Borra-Sethi PLC,Hospitality & Hotel,Bengaluru,"11/276, Ramesh Zila, Street, Bengaluru",+916051377695,YellowPages,4.4,2001,24 Hours,24 Hours
Mohanty-Keer PLC,Restaurant & Cafe,Hyderabad,"H.No. 637, Vig Circle, Street, Hyderabad",00585490173,YellowPages,4.2,2009,11:00,23:00
"Singh, Bajwa and Doshi and Sons",Restaurant & Cafe,Surat,"H.No. 90, Pai Street, Street, Surat",+913647912286,Google Maps,4.1,2019,11:00,23:00
Oza-Sankaran PLC,Automobile & Repair,Bengaluru,"15/525, Goel, Street, Bengaluru",0717712262,YellowPages,4.6,1997,09:00,20:00
Varghese Group Ltd,Retail & Supermarket,Kolkata,"99, Bhasin Street, Street, Kolkata",4588824030,Justdial,4.3,2007,09:00,22:00
"Chowdhury, Chacko and Arya PLC",Education & Training,Jaipur,"87/85, Bali Street, Street, Jaipur",08936864287,Google Maps,3.4,1974,08:00,17:00
Shenoy PLC Group,Financial Services,Jaipur,"00, Kibe Ganj, Street, Jaipur",04605796866,Google Maps,3.7,1961,09:00,17:00
Deshpande Inc PLC,IT Services & Consulting,Pune,"62/189, Aggarwal Path, Street, Pune",05462762453,Google Maps,4.2,2003,09:00,18:00
Gole-Deshmukh Group,Retail & Supermarket,Hyderabad,"H.No. 105, Thakur Chowk, Street, Hyderabad",+914912469843,Justdial,4.0,1999,09:00,22:00
Batta Inc Inc,Restaurant & Cafe,Hyderabad,"35/922, Parsa Street, Street, Hyderabad",06500736525,Justdial,4.3,2019,11:00,23:00
Kalla-Karan PLC,IT Services & Consulting,Mumbai,"223, Chhabra Path, Street, Mumbai",+914579152959,Justdial,4.9,1991,09:00,18:00
Savant Inc Ltd,Retail & Supermarket,Ahmedabad,"466, Mutti Ganj, Street, Ahmedabad",+915557641590,Justdial,4.0,2000,09:00,22:00
Chauhan-Chaudry Inc,Real Estate & Housing,Ahmedabad,"02, Bajwa Zila, Street, Ahmedabad",00679363630,Google Maps,4.7,2012,10:00,19:00
D’Alia-Atwal LLC,Automobile & Repair,Chennai,"H.No. 30, Chokshi Ganj, Street, Chennai",02467532997,Sulekha,3.7,2014,09:00,20:00
Krishna-Mane Inc,Financial Services,Mumbai,"H.No. 960, Sabharwal Marg, Street, Mumbai",4144458214,Sulekha,4.6,1967,09:00,17:00
Agate-Sant Ltd,Automobile & Repair,Hyderabad,"09/56, Chatterjee, Street, Hyderabad",+919207646681,Google Maps,3.7,2000,09:00,20:00
Mangat Ltd Ltd,Financial Services,Pune,"53/16, Jhaveri Chowk, Street, Pune",08651230594,Google Maps,4.8,2007,09:00,17:00
"Tara, Dewan and Mitra LLC",Education & Training,Jaipur,"76/77, Mital Path, Street, Jaipur",6496754455,YellowPages,3.1,1987,08:00,17:00
Jhaveri PLC LLC,Financial Services,Mumbai,"H.No. 377, Andra Chowk, Street, Mumbai",+912292836593,Justdial,3.9,1974,09:00,17:00
Agrawal Ltd PLC,Automobile & Repair,Mumbai,"614, Shanker Nagar, Street, Mumbai",08341011339,Justdial,3.7,1983,09:00,20:00
"Khurana, Chad and Dyal Ltd",Financial Services,Surat,"H.No. 983, Krish Road, Street, Surat",5102822130,Sulekha,4.2,1989,09:00,17:00
Sharaf-Goel Ltd,Financial Services,Jaipur,"40/593, Shere, Street, Jaipur",3704286748,Google Maps,4.6,1974,09:00,17:00
Pandey-Bajwa and Sons,Healthcare & Clinic,Kolkata,"24/84, Baral Road, Street, Kolkata",00276781674,Bing Places,4.1,2002,24 Hours,24 Hours
Toor-Palla Inc,Financial Services,Chennai,"H.No. 23, Badami Zila, Street, Chennai",7220304311,Justdial,3.9,1983,09:00,17:00
"Deep, Jha and Gour LLC",Restaurant & Cafe,Mumbai,"57/21, Dani Circle, Street, Mumbai",+915523948159,YellowPages,4.8,2008,11:00,23:00
Shetty-Gaba Group,Automobile & Repair,Jaipur,"41/76, Gade Chowk, Street, Jaipur",4138026437,YellowPages,4.4,2018,09:00,20:00
Nadkarni Group Inc,Real Estate & Housing,Hyderabad,"H.No. 193, Sanghvi Zila, Street, Hyderabad",07239337777,Bing Places,3.2,2002,10:00,19:00
Parekh-Sachdeva Inc,Healthcare & Clinic,Surat,"H.No. 87, Patla Marg, Street, Surat",00410982137,Sulekha,4.4,2018,24 Hours,24 Hours
"Vyas, Madan and Rajan PLC",Financial Services,Jaipur,"838, Ben Marg, Street, Jaipur",08028845319,Justdial,3.7,1990,09:00,17:00
Singh-Zacharia and Sons,Retail & Supermarket,Mumbai,"05, Khanna Street, Street, Mumbai",07022306703,YellowPages,4.9,2008,09:00,22:00
"Sura, Walia and Chaudhry and Sons",Automobile & Repair,Bengaluru,"H.No. 291, Dhar, Street, Bengaluru",0882103191,YellowPages,3.5,1986,09:00,20:00
Gade LLC LLC,Hospitality & Hotel,Hyderabad,"271, Mann Ganj, Street, Hyderabad",09548105383,Bing Places,4.4,1982,24 Hours,24 Hours
"Dhingra, Pandit and Batta Ltd",Restaurant & Cafe,Hyderabad,"73/34, Kibe Marg, Street, Hyderabad",04260757400,Bing Places,4.7,2002,11:00,23:00
Upadhyay-Sinha Group,Hospitality & Hotel,Hyderabad,"795, Ramesh Ganj, Street, Hyderabad",00094547911,YellowPages,3.7,1988,24 Hours,24 Hours
Rama LLC Ltd,Restaurant & Cafe,Ahmedabad,"73, Shanker, Street, Ahmedabad",5239926589,Bing Places,4.8,2023,11:00,23:00
Rajagopal Inc Inc,Healthcare & Clinic,Hyderabad,"H.No. 338, Karan Street, Street, Hyderabad",02655004858,Google Maps,4.6,2010,08:00,20:00
Gola-Kapur Ltd,Hospitality & Hotel,Hyderabad,"H.No. 35, Hora Nagar, Street, Hyderabad",00551773409,Bing Places,3.6,1985,24 Hours,24 Hours
Arora Inc and Sons,Fitness & Wellness,Mumbai,"63, Naidu Chowk, Street, Mumbai",1135228695,Google Maps,4.1,2019,05:00,22:00
Deo PLC LLC,Real Estate & Housing,Surat,"78/001, Barman Road, Street, Surat",0883436826,Google Maps,4.5,2019,10:00,19:00
Shetty-Bassi Ltd,IT Services & Consulting,Kolkata,"80, Keer, Street, Kolkata",05402122027,Bing Places,4.4,2010,09:00,18:00
Mall-Dhar Ltd,Retail & Supermarket,Delhi,"H.No. 33, Sarin Road, Street, Delhi",+910741290871,Sulekha,4.2,2023,09:00,22:00
"Dass, Maharaj and Patil PLC",Real Estate & Housing,Ahmedabad,"H.No. 99, Aurora Nagar, Street, Ahmedabad",+912209518778,Google Maps,4.2,2000,10:00,19:00
Contractor-Karpe Ltd,Restaurant & Cafe,Mumbai,"29/02, Murty, Street, Mumbai",7614277656,Sulekha,4.8,2001,11:00,23:00
Varty-Parikh PLC,Hospitality & Hotel,Bengaluru,"80, Chatterjee Marg, Street, Bengaluru",9127691680,Sulekha,4.9,1988,24 Hours,24 Hours
Hegde and Sons Ltd,Retail & Supermarket,Delhi,"63/46, Dixit Nagar, Street, Delhi",0705881089,Sulekha,4.1,1994,09:00,22:00
"Nagi, Karnik and Grewal LLC",Hospitality & Hotel,Hyderabad,"75/50, Sinha Nagar, Street, Hyderabad",+919215833898,Google Maps,4.5,1985,24 Hours,24 Hours
"Chokshi, Narain and Sastry and Sons",Fitness & Wellness,Pune,"026, Subramanian Circle, Street, Pune",6412302353,Bing Places,4.8,2011,05:00,22:00
"Vig, Bhatti and Nayak and Sons",Real Estate & Housing,Surat,"76/857, Roy, Street, Surat",04172181504,Google Maps,4.0,2013,10:00,19:00
Panchal Group LLC,Fitness & Wellness,Jaipur,"117, Sarna Nagar, Street, Jaipur",+915799110913,Bing Places,3.9,2020,05:00,22:00
Wagle-Joshi Group,Education & Training,Mumbai,"60/381, Zacharia Chowk, Street, Mumbai",+915496949548,Sulekha,4.0,1999,08:00,17:00
Badal Group Ltd,Retail & Supermarket,Ahmedabad,"401, Suresh Path, Street, Ahmedabad",+917366114756,YellowPages,4.9,1991,09:00,22:00
Brahmbhatt-Sastry Inc,Fitness & Wellness,Jaipur,"313, Loke Marg, Street, Jaipur",8457560608,Justdial,5.0,2017,05:00,22:00
"Shetty, Ramesh and Wagle and Sons",IT Services & Consulting,Ahmedabad,"349, Lad Ganj, Street, Ahmedabad",+910782875614,YellowPages,3.6,2023,09:00,18:00
Misra Group LLC,Fitness & Wellness,Bengaluru,"325, Varma Street, Street, Bengaluru",+911309855619,Justdial,4.5,2012,05:00,22:00
"Dhillon, Nair and Rege Group",Automobile & Repair,Jaipur,"78/450, Ghosh Nagar, Street, Jaipur",+913349481555,Bing Places,3.6,2018,09:00,20:00
Guha and Sons and Sons,IT Services & Consulting,Delhi,"945, Gokhale Street, Street, Delhi",+912839239557,Justdial,4.9,2017,09:00,18:00
Kapoor-Sagar and Sons,Restaurant & Cafe,Jaipur,"38/507, Luthra Circle, Street, Jaipur",01722026993,Google Maps,4.5,2002,11:00,23:00
"Nadkarni, Pall and Gill Ltd",Healthcare & Clinic,Delhi,"17/19, Sha Path, Street, Delhi",+916630349799,Sulekha,4.7,1992,24 Hours,24 Hours
Nayak PLC Group,Restaurant & Cafe,Kolkata,"316, Doshi Marg, Street, Kolkata",05868676366,YellowPages,4.2,2003,11:00,23:00
Nagy PLC and Sons,Healthcare & Clinic,Bengaluru,"H.No. 39, Choudhary, Street, Bengaluru",2580980050,Sulekha,3.6,1996,08:00,20:00
"Bassi, Kakar and Mander Inc",Hospitality & Hotel,Pune,"821, Kuruvilla Circle, Street, Pune",+914693690605,Google Maps,4.7,1992,24 Hours,24 Hours
"Sani, Brahmbhatt and Prasad Ltd",Retail & Supermarket,Kolkata,"73, Chaudhuri Marg, Street, Kolkata",+916900275174,YellowPages,4.8,2010,09:00,22:00
Trivedi-Bera and Sons,IT Services & Consulting,Pune,"777, Narang Marg, Street, Pune",+917066624356,Sulekha,4.6,1993,09:00,18:00
"Om, Chaudhary and Mammen PLC",Fitness & Wellness,Delhi,"461, Konda Marg, Street, Delhi",08472738935,Bing Places,4.9,2018,05:00,22:00
Sehgal-Singhal PLC,Restaurant & Cafe,Bengaluru,"07, Joshi Zila, Street, Bengaluru",9232015185,Sulekha,3.3,2007,11:00,23:00
Yogi-Wagle LLC,Restaurant & Cafe,Bengaluru,"92, Mandal, Street, Bengaluru",6592029629,Google Maps,4.1,2006,11:00,23:00
Mahajan-Ramachandran Ltd,Automobile & Repair,Hyderabad,"07, Yohannan Chowk, Street, Hyderabad",+916054749680,YellowPages,4.7,1984,09:00,20:00
Nair-Naidu Ltd,Healthcare & Clinic,Jaipur,"99/54, Khatri Road, Street, Jaipur",03458922827,Google Maps,3.6,2008,24 Hours,24 Hours
Saini-Iyengar Inc,Automobile & Repair,Mumbai,"H.No. 97, Bhattacharyya Circle, Street, Mumbai",03981584658,Justdial,3.7,2013,09:00,20:00
Gala PLC PLC,Real Estate & Housing,Hyderabad,"H.No. 062, Char Nagar, Street, Hyderabad",+919655296811,Google Maps,3.1,2022,10:00,19:00
Chand LLC Ltd,Automobile & Repair,Delhi,"12, Karnik Chowk, Street, Delhi",0232930029,Sulekha,3.6,2006,09:00,20:00
"Sathe, Saxena and Dhaliwal LLC",Education & Training,Delhi,"H.No. 09, Vaidya Circle, Street, Delhi",6081343050,Sulekha,3.0,1997,08:00,17:00
Madan PLC LLC,Education & Training,Ahmedabad,"H.No. 308, Oak Marg, Street, Ahmedabad",+914585873177,Google Maps,3.7,2022,08:00,17:00
Shroff and Sons and Sons,Financial Services,Mumbai,"H.No. 899, Pillay Nagar, Street, Mumbai",1264977014,Justdial,4.3,1981,09:00,17:00
"Hayer, Sundaram and Saha and Sons",Real Estate & Housing,Kolkata,"H.No. 57, Zacharia Path, Street, Kolkata",+919199665771,Sulekha,4.4,2006,10:00,19:00
Rastogi Ltd PLC,Fitness & Wellness,Surat,"H.No. 09, Anand, Street, Surat",+911108529652,Google Maps,4.1,2021,05:00,22:00
Sastry-Raju PLC,Hospitality & Hotel,Ahmedabad,"794, Basu Zila, Street, Ahmedabad",+914970772448,YellowPages,3.7,2009,24 Hours,24 Hours
Sabharwal LLC PLC,Financial Services,Ahmedabad,"10/995, Mall Road, Street, Ahmedabad",02544239318,Sulekha,4.8,1993,09:00,17:00
"Oommen, Bhatia and Bir PLC",Automobile & Repair,Mumbai,"54/93, Lala, Street, Mumbai",5811351840,Justdial,4.2,1982,09:00,20:00
Naik PLC LLC,Hospitality & Hotel,Hyderabad,"H.No. 02, Dalal Marg, Street, Hyderabad",+918329739825,Bing Places,5.0,1981,24 Hours,24 Hours
"Kurian, Barad and Vig and Sons",Retail & Supermarket,Hyderabad,"59, Mangat, Street, Hyderabad",+910154843112,Bing Places,4.1,1998,09:00,22:00
Tak-Parekh Inc,IT Services & Consulting,Surat,"82/78, Golla Zila, Street, Surat",1023735064,Bing Places,3.5,2003,09:00,18:00
Nanda-Ramaswamy Inc,Restaurant & Cafe,Surat,"98/99, Ravi Road, Street, Surat",+913849262336,Sulekha,3.2,2016,11:00,23:00
Chokshi Group Group,Hospitality & Hotel,Hyderabad,"256, Varghese Zila, Street, Hyderabad",4766712215,Google Maps,4.4,1992,24 Hours,24 Hours
"Kapadia, Modi and Badami Inc",Automobile & Repair,Pune,"H.No. 031, Zacharia Zila, Street, Pune",08993723147,Justdial,4.6,2009,09:00,20:00
"Pillai, Buch and Tak PLC",Healthcare & Clinic,Chennai,"H.No. 822, Hayre Nagar, Street, Chennai",+919536196302,Justdial,4.0,2016,24 Hours,24 Hours
Bera Group Group,Automobile & Repair,Surat,"758, Mutti Marg, Street, Surat",+918710765675,Justdial,4.1,2006,09:00,20:00
Bhalla Ltd PLC,Education & Training,Delhi,"H.No. 71, Dalal Path, Street, Delhi",6385054712,Sulekha,3.4,2021,08:00,17:00
Prashad PLC Group,Real Estate & Housing,Hyderabad,"68, Din Ganj, Street, Hyderabad",05440219385,Sulekha,3.2,2018,10:00,19:00
Dhar Ltd Ltd,Hospitality & Hotel,Mumbai,"56/335, Choudhury Road, Street, Mumbai",+919214874228,Justdial,3.9,2009,24 Hours,24 Hours
"Munshi, Buch and Sant and Sons",Fitness & Wellness,Kolkata,"235, Gera Nagar, Street, Kolkata",03511419855,Sulekha,4.8,2020,05:00,22:00
Chand-Mani and Sons,Fitness & Wellness,Chennai,"710, Basu Chowk, Street, Chennai",+918478669387,Bing Places,4.1,2020,05:00,22:00
"Raghavan, Sabharwal and Khurana and Sons",Real Estate & Housing,Jaipur,"47, Nagy Chowk, Street, Jaipur",05617497574,Sulekha,3.8,2020,10:00,19:00
Bhat Group PLC,Healthcare & Clinic,Hyderabad,"95, Dani Path, Street, Hyderabad",+914776519086,Google Maps,4.6,1980,08:00,20:00
Radhakrishnan Ltd PLC,Education & Training,Ahmedabad,"71/26, Behl Nagar, Street, Ahmedabad",+911735130774,Justdial,3.9,2017,08:00,17:00
"Sunder, Saini and Venkatesh PLC",Real Estate & Housing,Jaipur,"24/115, Misra Road, Street, Jaipur",06926488199,Justdial,3.9,2017,10:00,19:00
Malhotra LLC Inc,Restaurant & Cafe,Kolkata,"67/25, Kari, Street, Kolkata",8430811666,YellowPages,4.8,2020,11:00,23:00
Saraf Group LLC,Automobile & Repair,Ahmedabad,"58, Ram Circle, Street, Ahmedabad",07805136420,Google Maps,4.0,2007,09:00,20:00
Vyas LLC and Sons,Restaurant & Cafe,Surat,"H.No. 22, Prasad, Street, Surat",+914478567078,Justdial,3.9,2017,11:00,23:00
"Bajwa, Dar and Guha Group",Restaurant & Cafe,Delhi,"21/10, Chadha Circle, Street, Delhi",5223506603,Sulekha,4.6,2012,11:00,23:00
"Mitter, Gole and Sridhar PLC",Hospitality & Hotel,Kolkata,"H.No. 27, Tiwari Zila, Street, Kolkata",+917729833805,Google Maps,3.9,2002,24 Hours,24 Hours
Bumb Group and Sons,Fitness & Wellness,Jaipur,"419, Bora, Street, Jaipur",05375500464,Justdial,4.2,2016,05:00,22:00
Bhattacharyya-Palan Group,Hospitality & Hotel,Chennai,"59/331, Anand Path, Street, Chennai",06800745513,Google Maps,4.9,1983,24 Hours,24 Hours
"Nagy, Dutta and Gala Ltd",Financial Services,Mumbai,"420, Dar Street, Street, Mumbai",+912823682915,Sulekha,4.8,2011,09:00,17:00
Buch Group Inc,Real Estate & Housing,Kolkata,"H.No. 858, Chhabra Nagar, Street, Kolkata",03630708652,Sulekha,3.3,2010,10:00,19:00
Ray Group PLC,Healthcare & Clinic,Delhi,"035, Raman Chowk, Street, Delhi",3760508072,Google Maps,4.0,2001,08:00,20:00
"Patil, Bhardwaj and Gade LLC",Retail & Supermarket,Delhi,"35/04, Bal Zila, Street, Delhi",9134122075,Justdial,3.9,2020,09:00,22:00
Keer PLC Group,Hospitality & Hotel,Kolkata,"113, Madan Chowk, Street, Kolkata",02195028765,YellowPages,4.1,2013,24 Hours,24 Hours
"Bora, Bhakta and Chahal and Sons",Healthcare & Clinic,Jaipur,"88, Setty Ganj, Street, Jaipur",1909763923,Sulekha,3.6,2010,08:00,20:00
"Loke, Chopra and Tak Group",Fitness & Wellness,Kolkata,"76, Bali Circle, Street, Kolkata",+911476487064,YellowPages,4.5,2012,05:00,22:00
"Vaidya, Sama and Iyengar Group",Healthcare & Clinic,Hyderabad,"H.No. 898, Kala Street, Street, Hyderabad",4181721470,Justdial,3.6,1987,24 Hours,24 Hours
Raja Ltd Ltd,IT Services & Consulting,Mumbai,"H.No. 328, Mani Ganj, Street, Mumbai",+915156198650,YellowPages,4.8,2009,09:00,18:00
Rastogi-Madan Ltd,Hospitality & Hotel,Chennai,"90/13, Dhaliwal Nagar, Street, Chennai",05102116750,Google Maps,4.4,1998,24 Hours,24 Hours
Bakshi-Pillai Inc,IT Services & Consulting,Surat,"H.No. 238, Rege Road, Street, Surat",6543175334,Bing Places,4.3,2019,09:00,18:00
"Bhatnagar, Sundaram and Chaudhry Group",Fitness & Wellness,Hyderabad,"610, Srinivas, Street, Hyderabad",07888922767,Sulekha,4.0,2024,05:00,22:00
Mody Group and Sons,Education & Training,Surat,"23, Tak Circle, Street, Surat",09376341189,Sulekha,4.4,1972,08:00,17:00
Patel-Arora Ltd,Real Estate & Housing,Delhi,"93/72, Rana, Street, Delhi",08732140229,Google Maps,4.3,2016,10:00,19:00
"Chaudhry, Ratti and Rajagopalan and Sons",Education & Training,Chennai,"H.No. 57, Choudhary Zila, Street, Chennai",06983580382,YellowPages,4.1,2023,08:00,17:00
Sarin-Boase LLC,Financial Services,Bengaluru,"H.No. 588, Dass, Street, Bengaluru",7099191362,Bing Places,4.0,1961,09:00,17:00
"Baral, Sampath and Bains Group",Retail & Supermarket,Kolkata,"71, Garde Nagar, Street, Kolkata",+910090225847,Google Maps,3.7,2021,09:00,22:00
Bhatia-Walia Inc,Fitness & Wellness,Chennai,"57/823, Ram Ganj, Street, Chennai",+911847673060,Sulekha,4.3,2011,05:00,22:00
Peri-Nath Ltd,Financial Services,Pune,"56/80, Dani Chowk, Street, Pune",8652826398,Bing Places,4.9,1983,09:00,17:00
"Ray, Ranganathan and Rau Ltd",Fitness & Wellness,Hyderabad,"04/830, Bhatia Marg, Street, Hyderabad",09764995446,Bing Places,4.7,2019,05:00,22:00
Ahluwalia Ltd LLC,Fitness & Wellness,Chennai,"341, Brar, Street, Chennai",4010436336,YellowPages,4.8,2020,05:00,22:00
Wagle PLC Group,Retail & Supermarket,Mumbai,"06/377, Banerjee Chowk, Street, Mumbai",+915749151559,Google Maps,4.5,2018,09:00,22:00
"Sharma, Barad and Khurana Ltd",Fitness & Wellness,Jaipur,"197, Kala Circle, Street, Jaipur",02476078878,YellowPages,4.4,2017,05:00,22:00
"Sen, Batta and Hegde PLC",IT Services & Consulting,Delhi,"26/775, Contractor Nagar, Street, Delhi",+913254733721,Google Maps,4.7,2005,09:00,18:00
Ravi-Dube Group,Healthcare & Clinic,Ahmedabad,"44, Ghose, Street, Ahmedabad",6869679005,Justdial,4.0,2013,08:00,20:00
"Khatri, Narang and Narain PLC",Fitness & Wellness,Chennai,"90, Gaba Marg, Street, Chennai",+915023084974,Sulekha,4.3,2010,05:00,22:00
"Aggarwal, Saraf and Andra Inc",Education & Training,Jaipur,"63/32, Shan Street, Street, Jaipur",00980635064,Google Maps,4.9,2018,08:00,17:00
Tripathi LLC and Sons,Fitness & Wellness,Jaipur,"89/618, Goda Street, Street, Jaipur",01492469205,Bing Places,4.3,2010,05:00,22:00
"Kulkarni, Om and Contractor LLC",Automobile & Repair,Surat,"45, Lanka Circle, Street, Surat",7404441264,Bing Places,3.8,1982,09:00,20:00
Gokhale Inc LLC,IT Services & Consulting,Kolkata,"H.No. 10, Koshy Ganj, Street, Kolkata",+919506689946,YellowPages,3.9,1994,09:00,18:00
Dhaliwal-Datta Ltd,Fitness & Wellness,Pune,"82/35, Chad Marg, Street, Pune",+915817601412,Google Maps,4.5,2021,05:00,22:00
Brar Ltd and Sons,Healthcare & Clinic,Mumbai,"58, Mohan Street, Street, Mumbai",+914667224963,Bing Places,3.5,2018,24 Hours,24 Hours
"Bandi, Zacharia and Morar Inc",Real Estate & Housing,Hyderabad,"H.No. 325, Mangat Path, Street, Hyderabad",9270539833,Justdial,3.4,1995,10:00,19:00
Sethi and Sons Group,Real Estate & Housing,Delhi,"H.No. 653, Deshmukh Circle, Street, Delhi",09311851116,Google Maps,2.6,2020,10:00,19:00
Patla Group PLC,IT Services & Consulting,Surat,"94/250, Venkataraman Chowk, Street, Surat",9917599005,Bing Places,4.9,2006,09:00,18:00
Goda-Gokhale PLC,Real Estate & Housing,Mumbai,"H.No. 270, Om Nagar, Street, Mumbai",0581704318,YellowPages,4.0,2011,10:00,19:00
Shere-Sengupta PLC,Hospitality & Hotel,Delhi,"27/65, Narasimhan Chowk, Street, Delhi",+918582878574,Google Maps,4.8,2001,24 Hours,24 Hours
Bains-Pant and Sons,Fitness & Wellness,Chennai,"09/21, Ghose Nagar, Street, Chennai",0291058117,YellowPages,4.8,2013,05:00,22:00
Kuruvilla-Nagarajan Inc,Financial Services,Jaipur,"500, Chander, Street, Jaipur",5630744091,Google Maps,4.6,2019,09:00,17:00
Loke and Sons Inc,Real Estate & Housing,Jaipur,"H.No. 53, Dora Ganj, Street, Jaipur",3029156866,YellowPages,3.6,2019,10:00,19:00
Ahuja Inc Inc,Fitness & Wellness,Ahmedabad,"600, Munshi Marg, Street, Ahmedabad",+911953582145,YellowPages,4.7,2024,05:00,22:00
"Vohra, Kumer and Ratti Ltd",Education & Training,Surat,"51/990, Dua Nagar, Street, Surat",6346683844,YellowPages,4.6,1982,08:00,17:00
"Ray, Jain and Natt LLC",Hospitality & Hotel,Mumbai,"689, Thakur Marg, Street, Mumbai",1873756859,YellowPages,3.6,1981,24 Hours,24 Hours
"Acharya, Soni and Goda LLC",Education & Training,Chennai,"H.No. 16, Bajwa Circle, Street, Chennai",+910801359718,Bing Places,4.8,1995,08:00,17:00
"Nagar, Nanda and Sharma Inc",Automobile & Repair,Ahmedabad,"451, Bora Road, Street, Ahmedabad",+918267280899,Bing Places,3.4,2015,09:00,20:00
Bath and Sons Group,Hospitality & Hotel,Mumbai,"H.No. 620, Andra Zila, Street, Mumbai",+914972125468,Bing Places,4.2,2017,24 Hours,24 Hours
"Bahl, Saraf and Nagi PLC",Healthcare & Clinic,Chennai,"H.No. 530, Gala Road, Street, Chennai",5092226798,YellowPages,4.1,1994,08:00,20:00
"Contractor, Ghosh and Bal and Sons",Hospitality & Hotel,Jaipur,"H.No. 18, Nayak Street, Street, Jaipur",05707706076,YellowPages,4.3,1987,24 Hours,24 Hours
"Bhatt, Balay and Kari PLC",Restaurant & Cafe,Jaipur,"H.No. 326, Chandran Circle, Street, Jaipur",+913307956038,YellowPages,4.0,2013,11:00,23:00
Parikh PLC Inc,Restaurant & Cafe,Bengaluru,"67/727, Bala Nagar, Street, Bengaluru",+911448153636,Sulekha,4.1,2017,11:00,23:00
Bath Ltd Ltd,Education & Training,Hyderabad,"62, Ramaswamy Road, Street, Hyderabad",02923205374,YellowPages,4.3,1974,08:00,17:00
Konda-Dutta and Sons,Financial Services,Pune,"H.No. 057, Arya Chowk, Street, Pune",4343822668,Google Maps,3.8,1994,09:00,17:00
Chada Inc Ltd,Financial Services,Ahmedabad,"93/801, Bhatia Chowk, Street, Ahmedabad",0008522348,Sulekha,3.5,1969,09:00,17:00
"Shanker, Garg and Behl and Sons",Automobile & Repair,Mumbai,"H.No. 52, Gola Zila, Street, Mumbai",+916886625845,Justdial,3.1,1981,09:00,20:00
"Wason, Ram and Nayar and Sons",Education & Training,Bengaluru,"H.No. 417, Garg Ganj, Street, Bengaluru",7578130040,Sulekha,4.6,1998,08:00,17:00
"Comar, Kala and Pandey LLC",Fitness & Wellness,Delhi,"47/250, Naidu Road, Street, Delhi",0917942588,Bing Places,4.3,2012,05:00,22:00
Mistry-Vohra Ltd,Real Estate & Housing,Mumbai,"H.No. 16, Chaudry Zila, Street, Mumbai",5369750800,YellowPages,3.0,2005,10:00,19:00
"Chowdhury, Hayer and Sanghvi LLC",Automobile & Repair,Bengaluru,"H.No. 76, Agarwal Zila, Street, Bengaluru",+918272439510,Bing Places,4.2,2012,09:00,20:00
Prakash Ltd Group,Education & Training,Bengaluru,"H.No. 951, Borra Ganj, Street, Bengaluru",01333816589,Bing Places,4.9,1995,08:00,17:00
Reddy PLC Group,Automobile & Repair,Surat,"H.No. 53, Oommen Chowk, Street, Surat",0569927049,Bing Places,3.7,2018,09:00,20:00
Kari PLC Inc,Education & Training,Bengaluru,"97, Goda Road, Street, Bengaluru",00178915596,Google Maps,4.9,1996,08:00,17:00
"Rao, Apte and Luthra PLC",Education & Training,Bengaluru,"H.No. 10, Walia, Street, Bengaluru",7105269362,Justdial,3.3,1981,08:00,17:00
"Bassi, Vig and Dugal and Sons",Education & Training,Delhi,"118, Ray Chowk, Street, Delhi",09315115839,Google Maps,3.5,1983,08:00,17:00
Dhaliwal-Dhawan Ltd,Healthcare & Clinic,Pune,"75/11, Mangat, Street, Pune",3890417236,Sulekha,4.9,1992,08:00,20:00
Brahmbhatt PLC Inc,Education & Training,Kolkata,"H.No. 70, Prabhu Zila, Street, Kolkata",05298531383,Bing Places,3.6,2003,08:00,17:00
Lad LLC and Sons,IT Services & Consulting,Pune,"H.No. 640, Mane Zila, Street, Pune",+913355441360,Bing Places,3.8,2003,09:00,18:00
Dash-Deol Ltd,Fitness & Wellness,Delhi,"70/626, Rajagopalan Ganj, Street, Delhi",+914152978324,Bing Places,4.0,2012,05:00,22:00
Chawla-Contractor PLC,Restaurant & Cafe,Surat,"H.No. 71, Mangal Marg, Street, Surat",+918869005892,Sulekha,4.3,2006,11:00,23:00
Krishnamurthy-Gupta PLC,Retail & Supermarket,Ahmedabad,"46, Sastry Path, Street, Ahmedabad",03742395975,Sulekha,4.4,2017,09:00,22:00
Prabhakar PLC LLC,Hospitality & Hotel,Chennai,"H.No. 98, Menon Zila, Street, Chennai",0515847927,Sulekha,3.7,1982,24 Hours,24 Hours
Hora-Butala Ltd,Real Estate & Housing,Pune,"H.No. 453, Misra Zila, Street, Pune",9577401846,Justdial,4.3,2006,10:00,19:00
Balakrishnan-Chauhan Inc,Automobile & Repair,Ahmedabad,"63/629, Talwar Nagar, Street, Ahmedabad",+919459205019,Google Maps,4.3,1984,09:00,20:00
"Malhotra, Goswami and Sinha PLC",Financial Services,Hyderabad,"38, Saraf Road, Street, Hyderabad",6749166430,Bing Places,4.7,1992,09:00,17:00
Bahri-Tata Inc,Retail & Supermarket,Hyderabad,"72/53, Rajagopalan Ganj, Street, Hyderabad",+918663188837,YellowPages,4.0,2015,09:00,22:00
"Varughese, Mitra and Peri LLC",Automobile & Repair,Delhi,"H.No. 16, Cherian Path, Street, Delhi",+915453021848,Sulekha,4.4,2003,09:00,20:00
"Nagar, Sagar and Sha LLC",Retail & Supermarket,Chennai,"08, Sheth Circle, Street, Chennai",2304392547,YellowPages,4.3,1999,09:00,22:00
Anand Inc and Sons,Restaurant & Cafe,Surat,"74/459, Sandhu Road, Street, Surat",4902606887,Google Maps,4.2,2019,11:00,23:00
Lanka Inc Inc,Fitness & Wellness,Hyderabad,"H.No. 57, Bhagat Chowk, Street, Hyderabad",5328142030,Sulekha,4.4,2011,05:00,22:00
"Butala, Bhattacharyya and Soman and Sons",Real Estate & Housing,Jaipur,"99/916, Sura Road, Street, Jaipur",09392084471,YellowPages,3.6,2017,10:00,19:00
"Venkatesh, Chaudry and Choudhary Group",Financial Services,Bengaluru,"H.No. 392, Soni Road, Street, Bengaluru",00757763958,Bing Places,4.9,1950,09:00,17:00
Nadkarni-Cheema PLC,Healthcare & Clinic,Delhi,"32/949, Sethi Road, Street, Delhi",9979938923,Google Maps,4.8,2018,24 Hours,24 Hours
Keer-Borah Group,Restaurant & Cafe,Jaipur,"69/29, Chada, Street, Jaipur",+910991504866,YellowPages,3.2,2002,11:00,23:00
"Bhardwaj, Misra and Sarraf LLC",IT Services & Consulting,Mumbai,"75/11, Chahal Ganj, Street, Mumbai",09494113244,Google Maps,3.8,1998,09:00,18:00
"Mitter, Arora and Mander Group",Financial Services,Surat,"H.No. 62, Shan Nagar, Street, Surat",5875228105,Sulekha,4.8,1968,09:00,17:00
Iyer-Krishnan and Sons,Fitness & Wellness,Surat,"H.No. 05, Mohan Path, Street, Surat",+912560790142,Sulekha,4.0,2010,05:00,22:00
Sant-Dar PLC,Real Estate & Housing,Jaipur,"06/228, Goyal Nagar, Street, Jaipur",5955514641,YellowPages,2.7,1997,10:00,19:00
Agate-Mistry Inc,Education & Training,Surat,"03/68, Uppal Circle, Street, Surat",+918917081575,Justdial,3.1,1993,08:00,17:00
"Nagar, Kanda and Jhaveri Ltd",Financial Services,Jaipur,"60/512, Prabhu Marg, Street, Jaipur",9195465283,Bing Places,4.4,1966,09:00,17:00
Kalla-Bora Ltd,Education & Training,Jaipur,"05/127, Soman Marg, Street, Jaipur",+916243058986,Sulekha,4.5,2014,08:00,17:00
Varghese-Raju Ltd,Real Estate & Housing,Bengaluru,"79/25, Kade Marg, Street, Bengaluru",06495357656,Bing Places,4.1,1996,10:00,19:00
Bassi Inc Ltd,Real Estate & Housing,Ahmedabad,"027, Sood Circle, Street, Ahmedabad",2184363480,Justdial,3.1,2011,10:00,19:00
Gokhale Group PLC,Financial Services,Bengaluru,"14/51, Raval Path, Street, Bengaluru",0237546066,Bing Places,4.3,1987,09:00,17:00
Ghosh-Bakshi Inc,Automobile & Repair,Kolkata,"50/53, Rama Circle, Street, Kolkata",09060615235,YellowPages,4.0,2000,09:00,20:00
"Karpe, Bhagat and Nath Inc",Financial Services,Kolkata,"H.No. 74, Behl Circle, Street, Kolkata",0994141862,Justdial,4.4,1978,09:00,17:00
Badami-Varghese Group,Financial Services,Delhi,"66/963, Pant Street, Street, Delhi",+919887216146,Justdial,4.5,2004,09:00,17:00
Dhaliwal and Sons LLC,Healthcare & Clinic,Mumbai,"86/79, Datta Street, Street, Mumbai",6564373474,Justdial,3.5,2000,24 Hours,24 Hours
Chahal-Lala Group,Education & Training,Hyderabad,"55, Manne Nagar, Street, Hyderabad",5261684717,Google Maps,4.2,2010,08:00,17:00
Mohan Group and Sons,Retail & Supermarket,Kolkata,"608, Srinivas Chowk, Street, Kolkata",0853580014,Google Maps,3.9,2024,09:00,22:00
Gour-Bir Inc,Restaurant & Cafe,Delhi,"175, Pathak Road, Street, Delhi",09564248394,Google Maps,3.5,2011,11:00,23:00
"Batra, Virk and Chopra Group",Hospitality & Hotel,Pune,"125, Biswas Street, Street, Pune",+919315829297,Sulekha,3.9,2013,24 Hours,24 Hours
Loke LLC PLC,Automobile & Repair,Kolkata,"039, Subramaniam Path, Street, Kolkata",+913645363274,Justdial,4.3,1987,09:00,20:00
Swamy-Verma PLC,Healthcare & Clinic,Hyderabad,"H.No. 10, Khalsa Nagar, Street, Hyderabad",09927276209,Google Maps,4.5,1993,08:00,20:00
Sule Group LLC,IT Services & Consulting,Mumbai,"63/851, Mani Nagar, Street, Mumbai",06453456597,Justdial,4.6,2007,09:00,18:00
"Chanda, Tank and Char Ltd",IT Services & Consulting,Pune,"10, Saini, Street, Pune",07295197802,Justdial,4.2,2022,09:00,18:00
Anand-Nayak Ltd,Fitness & Wellness,Ahmedabad,"47, Mani Nagar, Street, Ahmedabad",+916905716959,Sulekha,4.4,2010,05:00,22:00
"Gade, Sandal and Chand Ltd",Education & Training,Jaipur,"H.No. 261, Vyas Zila, Street, Jaipur",02446285780,Google Maps,3.2,1970,08:00,17:00
"Hayre, Narayan and Bumb Group",IT Services & Consulting,Surat,"76/695, Pal Zila, Street, Surat",00309209355,Sulekha,3.6,2011,09:00,18:00
Keer-Rana LLC,Real Estate & Housing,Chennai,"H.No. 068, Sem Street, Street, Chennai",+917302145281,Justdial,3.8,2001,10:00,19:00
"Gade, Raju and Dewan Ltd",Education & Training,Kolkata,"H.No. 040, Pal Circle, Street, Kolkata",8260191632,Sulekha,3.6,1991,08:00,17:00
Hegde-Muni Ltd,Retail & Supermarket,Bengaluru,"20/44, Sheth, Street, Bengaluru",09817604250,YellowPages,4.5,1997,09:00,22:00
Lata Inc Ltd,Healthcare & Clinic,Mumbai,"H.No. 10, Wadhwa, Street, Mumbai",+912402857984,Bing Places,5.0,2022,08:00,20:00
"Vig, Prashad and Bhandari PLC",Financial Services,Surat,"H.No. 990, Kalita Street, Street, Surat",5434866697,Bing Places,4.9,1996,09:00,17:00
Bhatti-Chakrabarti LLC,Financial Services,Bengaluru,"057, Patla Path, Street, Bengaluru",5595303060,YellowPages,4.0,1988,09:00,17:00
"Tata, Singhal and Sibal Inc",Financial Services,Mumbai,"25/12, Chandran Street, Street, Mumbai",9059201012,YellowPages,4.9,1998,09:00,17:00
Randhawa-Bhasin and Sons,Fitness & Wellness,Surat,"51/48, Iyengar Ganj, Street, Surat",5874993576,Justdial,4.2,2023,05:00,22:00
Mohan-Sandhu Group,Real Estate & Housing,Bengaluru,"68, Gera Circle, Street, Bengaluru",04457736939,YellowPages,3.8,2008,10:00,19:00
Kumar Group Inc,Hospitality & Hotel,Ahmedabad,"805, Ratti Marg, Street, Ahmedabad",02937269769,YellowPages,4.2,1980,24 Hours,24 Hours
"Sachdev, Khanna and D’Alia and Sons",Fitness & Wellness,Mumbai,"215, Sharaf Road, Street, Mumbai",6431097335,Google Maps,3.9,2020,05:00,22:00
Subramanian-Ganesan Group,IT Services & Consulting,Hyderabad,"18/48, Kari Street, Street, Hyderabad",+914272562674,Justdial,4.8,2001,09:00,18:00
Majumdar-Bal and Sons,Financial Services,Pune,"677, Bhardwaj Chowk, Street, Pune",0709024707,YellowPages,3.5,1955,09:00,17:00
Garg-Gill Group,Automobile & Repair,Mumbai,"43/063, Bal Path, Street, Mumbai",05528451605,Bing Places,3.3,2012,09:00,20:00
Sinha-Nagarajan PLC,Retail & Supermarket,Jaipur,"88/22, Khanna Marg, Street, Jaipur",+913324631211,Justdial,4.1,2002,09:00,22:00
Viswanathan-Chakraborty Group,Real Estate & Housing,Bengaluru,"H.No. 28, Morar Chowk, Street, Bengaluru",+913593185195,Bing Places,3.8,1997,10:00,19:00
"Magar, Menon and Hayre Group",Retail & Supermarket,Delhi,"66/698, Arora Chowk, Street, Delhi",02455759080,YellowPages,4.2,2007,09:00,22:00
Rastogi-Balakrishnan PLC,Healthcare & Clinic,Surat,"415, Tata Nagar, Street, Surat",00654756688,Sulekha,4.2,2008,08:00,20:00
Chandra-De Inc,Financial Services,Mumbai,"H.No. 54, Salvi Ganj, Street, Mumbai",+918557257005,YellowPages,4.4,2010,09:00,17:00
"Saini, Pillai and Jayaraman Ltd",Healthcare & Clinic,Ahmedabad,"H.No. 098, Bhavsar Marg, Street, Ahmedabad",+919975155959,Justdial,3.6,1989,08:00,20:00
Nayar Ltd and Sons,Automobile & Repair,Hyderabad,"581, Raman Chowk, Street, Hyderabad",04644351486,YellowPages,3.1,2005,09:00,20:00
Sastry LLC Group,Real Estate & Housing,Hyderabad,"H.No. 450, Kapoor Ganj, Street, Hyderabad",00196034038,Google Maps,3.5,2004,10:00,19:00
Narayanan-Chandran PLC,Education & Training,Bengaluru,"85, Agrawal Marg, Street, Bengaluru",8113798283,Justdial,4.8,2011,08:00,17:00
Dalal-Bhakta Ltd,Fitness & Wellness,Surat,"H.No. 486, Oza Marg, Street, Surat",05122723021,Sulekha,4.9,2016,05:00,22:00
Nayak-Reddy Inc,Financial Services,Ahmedabad,"747, Rout Ganj, Street, Ahmedabad",08898378099,Google Maps,4.6,1998,09:00,17:00
Goyal-Biswas Group,Automobile & Repair,Ahmedabad,"H.No. 31, Naidu Chowk, Street, Ahmedabad",00085051567,Google Maps,4.7,2012,09:00,20:00
Lalla-Prabhu Inc,Automobile & Repair,Delhi,"74/510, Mallick Zila, Street, Delhi",9851971652,Sulekha,4.3,2008,09:00,20:00
"Bhatia, Talwar and Srinivas Ltd",Fitness & Wellness,Delhi,"H.No. 781, Dey Chowk, Street, Delhi",0314914792,Bing Places,4.1,2017,05:00,22:00
Babu-Roy Ltd,Fitness & Wellness,Kolkata,"H.No. 736, Goyal Nagar, Street, Kolkata",04049819313,Google Maps,3.9,2010,05:00,22:00
"Reddy, Lala and Prasad Group",Fitness & Wellness,Kolkata,"H.No. 483, Bajaj Path, Street, Kolkata",09834694281,Justdial,4.7,2024,05:00,22:00
Bhatnagar Group Inc,Restaurant & Cafe,Jaipur,"73/059, Barman Chowk, Street, Jaipur",9690333008,Bing Places,3.9,2008,11:00,23:00
"Manne, Sridhar and Tandon PLC",Financial Services,Mumbai,"10/900, Rout Nagar, Street, Mumbai",+910532339033,Justdial,3.8,2009,09:00,17:00
Khurana Ltd and Sons,Education & Training,Mumbai,"39/222, Padmanabhan, Street, Mumbai",08782308341,Justdial,4.2,2006,08:00,17:00
Arya Group Group,Hospitality & Hotel,Mumbai,"H.No. 664, Naidu Nagar, Street, Mumbai",08530208696,Bing Places,3.6,2009,24 Hours,24 Hours
Amble-Chad Ltd,Education & Training,Bengaluru,"36, Choudhry Marg, Street, Bengaluru",8941338603,YellowPages,4.4,1985,08:00,17:00
Gandhi-Char LLC,Fitness & Wellness,Jaipur,"53/72, Gaba Nagar, Street, Jaipur",09432333450,Bing Places,4.4,2012,05:00,22:00
Walia-Bobal PLC,Education & Training,Surat,"61/07, Wali Street, Street, Surat",07735231328,Justdial,3.7,1974,08:00,17:00
Varkey and Sons Group,Education & Training,Mumbai,"18/004, Murty, Street, Mumbai",+917762092591,Justdial,4.2,1999,08:00,17:00
Guha-Rama Ltd,Automobile & Repair,Chennai,"H.No. 69, Krishnan Street, Street, Chennai",03081300933,Bing Places,4.6,2008,09:00,20:00
Kaul-Narasimhan PLC,Financial Services,Mumbai,"66, Dayal Ganj, Street, Mumbai",+919826695650,Justdial,4.9,1975,09:00,17:00
Gokhale Group PLC,Healthcare & Clinic,Delhi,"114, Dar Nagar, Street, Delhi",01785021426,Justdial,3.9,2006,24 Hours,24 Hours
Ram PLC Inc,Automobile & Repair,Ahmedabad,"H.No. 43, Dhar Zila, Street, Ahmedabad",8950349400,Sulekha,4.1,1984,09:00,20:00
Chander-Raj Group,Financial Services,Kolkata,"40/386, Gandhi Zila, Street, Kolkata",1158726144,Justdial,4.9,1986,09:00,17:00
Datta PLC Group,Education & Training,Mumbai,"H.No. 06, Rai Path, Street, Mumbai",00417579927,Sulekha,3.8,1977,08:00,17:00
"Baria, Bawa and Tara LLC",Automobile & Repair,Chennai,"909, Doshi, Street, Chennai",09095417962,YellowPages,3.0,2019,09:00,20:00
"Balan, Anne and Chander and Sons",Financial Services,Chennai,"H.No. 453, Ramachandran Nagar, Street, Chennai",3239996780,Sulekha,3.9,2006,09:00,17:00
"Kant, Dyal and Saran PLC",Healthcare & Clinic,Delhi,"18/645, Badami Zila, Street, Delhi",9929379467,Justdial,3.6,2000,08:00,20:00
Ahuja LLC and Sons,Healthcare & Clinic,Mumbai,"79/057, Keer Nagar, Street, Mumbai",6192997450,YellowPages,4.2,2021,08:00,20:00
Bawa LLC LLC,Education & Training,Ahmedabad,"H.No. 666, Sangha Road, Street, Ahmedabad",04530618379,Google Maps,4.1,1972,08:00,17:00
Saran-Nagar Ltd,IT Services & Consulting,Kolkata,"497, Parmer Path, Street, Kolkata",8536774028,Bing Places,3.8,2010,09:00,18:00
Agrawal-Solanki Inc,Automobile & Repair,Chennai,"H.No. 312, Sodhi Road, Street, Chennai",8758128681,Sulekha,3.9,2003,09:00,20:00
Goda-Dutt and Sons,Education & Training,Jaipur,"H.No. 86, De Zila, Street, Jaipur",06035160054,Justdial,3.3,1997,08:00,17:00
Srivastava Ltd Inc,Financial Services,Jaipur,"H.No. 123, Nanda Street, Street, Jaipur",4973177249,YellowPages,3.6,1999,09:00,17:00
Sarma and Sons Inc,IT Services & Consulting,Surat,"H.No. 87, Narayanan Marg, Street, Surat",+915706763971,Bing Places,4.3,2023,09:00,18:00
Raj LLC Group,Automobile & Repair,Surat,"30, Chahal Zila, Street, Surat",+912486966019,Bing Places,3.5,2014,09:00,20:00
Rajan and Sons Group,Financial Services,Delhi,"H.No. 80, Borra Zila, Street, Delhi",07224316001,Bing Places,4.8,1981,09:00,17:00
Bhardwaj-Manda PLC,Retail & Supermarket,Ahmedabad,"51/31, Gera Zila, Street, Ahmedabad",+915318614900,Justdial,3.7,1991,09:00,22:00
Kumar-Varma Ltd,Real Estate & Housing,Delhi,"H.No. 300, Lanka Path, Street, Delhi",6035554012,Google Maps,2.7,2017,10:00,19:00
"Padmanabhan, Majumdar and Shanker and Sons",Hospitality & Hotel,Kolkata,"H.No. 67, Edwin Street, Street, Kolkata",3746838019,YellowPages,3.8,2021,24 Hours,24 Hours
Mital-Mane Inc,Education & Training,Kolkata,"39/20, Sagar Path, Street, Kolkata",9495127008,Bing Places,4.1,2011,08:00,17:00
Lanka Group Ltd,Financial Services,Bengaluru,"H.No. 134, Mistry Road, Street, Bengaluru",+910226940220,YellowPages,4.4,1968,09:00,17:00
"Behl, Natarajan and Karpe and Sons",Real Estate & Housing,Mumbai,"H.No. 90, Kade Road, Street, Mumbai",8280714039,Bing Places,3.3,2007,10:00,19:00
Dyal LLC PLC,Automobile & Repair,Pune,"19/16, Atwal Ganj, Street, Pune",07199236287,Bing Places,3.2,2013,09:00,20:00
Mohanty Inc PLC,Real Estate & Housing,Delhi,"69, Chaudhary Chowk, Street, Delhi",+910429951407,Sulekha,3.1,2016,10:00,19:00
"Buch, Mane and Din Inc",Healthcare & Clinic,Jaipur,"299, Sarin Circle, Street, Jaipur",6566150399,YellowPages,4.2,1980,08:00,20:00
"Goel, Nanda and Bhasin Inc",Hospitality & Hotel,Chennai,"24, Chahal Zila, Street, Chennai",0095237478,Justdial,4.3,2014,24 Hours,24 Hours
"Dhingra, Vaidya and Naidu Inc",Hospitality & Hotel,Delhi,"94/98, Sodhi Chowk, Street, Delhi",08543752347,Sulekha,4.3,2004,24 Hours,24 Hours
Dass Inc Ltd,IT Services & Consulting,Jaipur,"96/57, Bath, Street, Jaipur",8298535534,Bing Places,3.9,1994,09:00,18:00
Dugar Inc Ltd,Automobile & Repair,Mumbai,"265, Dora Path, Street, Mumbai",5128687501,Sulekha,4.5,1996,09:00,20:00
Randhawa LLC Inc,Hospitality & Hotel,Delhi,"88/756, Kashyap Marg, Street, Delhi",+913243701804,Bing Places,4.0,2011,24 Hours,24 Hours
Pandey-Kapur Group,Restaurant & Cafe,Surat,"H.No. 61, Sharaf Ganj, Street, Surat",4076773366,Sulekha,3.4,2003,11:00,23:00
Virk-Modi PLC,Fitness & Wellness,Kolkata,"H.No. 38, Raman Chowk, Street, Kolkata",05649545411,YellowPages,4.8,2023,05:00,22:00
"Tripathi, Thakur and Tak Group",IT Services & Consulting,Hyderabad,"30/201, Sehgal Nagar, Street, Hyderabad",01610536250,Bing Places,4.5,2018,09:00,18:00
Rajagopal-Sanghvi Group,Automobile & Repair,Hyderabad,"960, Dyal Chowk, Street, Hyderabad",+911179609822,Google Maps,3.2,2013,09:00,20:00
Madan Inc and Sons,Restaurant & Cafe,Delhi,"51, Trivedi Zila, Street, Delhi",07501872797,YellowPages,4.6,2011,11:00,23:00
Rao-Kara and Sons,Fitness & Wellness,Surat,"89, Sarna Path, Street, Surat",2506827100,Justdial,4.4,2016,05:00,22:00
"Peri, Ravel and Natt PLC",Education & Training,Surat,"149, Batra Street, Street, Surat",05233365584,Justdial,4.2,1974,08:00,17:00
"Mallick, Balay and Raghavan PLC",Real Estate & Housing,Mumbai,"24/89, Singh, Street, Mumbai",+912591827174,YellowPages,2.9,2013,10:00,19:00
Konda and Sons LLC,Restaurant & Cafe,Pune,"85/39, Singhal, Street, Pune",06602429629,Google Maps,4.8,2000,11:00,23:00
Toor-Mukhopadhyay Ltd,Fitness & Wellness,Jaipur,"58, Venkataraman Marg, Street, Jaipur",09796778512,Justdial,4.2,2023,05:00,22:00
"Kata, Mitra and Pandey Inc",Retail & Supermarket,Kolkata,"13/17, Chahal Road, Street, Kolkata",00153456258,YellowPages,5.0,2010,09:00,22:00
Shetty LLC Inc,Hospitality & Hotel,Bengaluru,"H.No. 06, Ghosh Street, Street, Bengaluru",06227516396,Justdial,4.2,2011,24 Hours,24 Hours
Gara-Saran PLC,Hospitality & Hotel,Pune,"555, Pingle Nagar, Street, Pune",3011143082,Justdial,4.0,2017,24 Hours,24 Hours
Mohanty Inc Ltd,Healthcare & Clinic,Surat,"82/213, Dash Marg, Street, Surat",1284240919,Justdial,3.7,2010,24 Hours,24 Hours
Chana Ltd PLC,Fitness & Wellness,Hyderabad,"H.No. 205, Chaudhuri Marg, Street, Hyderabad",4346024545,Justdial,4.6,2017,05:00,22:00
Balakrishnan and Sons Group,Retail & Supermarket,Surat,"15, Rattan Nagar, Street, Surat",01304944541,YellowPages,4.9,1997,09:00,22:00
Palla Inc Inc,IT Services & Consulting,Kolkata,"31/42, Dara Marg, Street, Kolkata",02406422249,Justdial,4.5,1993,09:00,18:00
"Bedi, Saraf and Chanda Group",IT Services & Consulting,Delhi,"66/84, More Path, Street, Delhi",+919917788054,Google Maps,3.9,2013,09:00,18:00
Chauhan-Thaman Inc,Real Estate & Housing,Pune,"66/16, Bora Road, Street, Pune",7369631769,Google Maps,4.6,2013,10:00,19:00
Rajagopal and Sons Inc,Financial Services,Ahmedabad,"89/865, Suresh Marg, Street, Ahmedabad",01732391060,Sulekha,3.7,1973,09:00,17:00
Bumb LLC and Sons,Automobile & Repair,Kolkata,"56, Babu Path, Street, Kolkata",4784482470,YellowPages,3.1,2017,09:00,20:00
Nath-Joshi and Sons,Fitness & Wellness,Surat,"128, Mutti, Street, Surat",00292910917,Bing Places,4.1,2020,05:00,22:00
Bahri-Bhatti and Sons,IT Services & Consulting,Delhi,"45, Kala Zila, Street, Delhi",+915869651102,YellowPages,4.5,1990,09:00,18:00
"Vaidya, Guha and Pall LLC",Real Estate & Housing,Kolkata,"06, Dora Chowk, Street, Kolkata",+912506890868,YellowPages,3.8,2012,10:00,19:00
Bora LLC and Sons,Retail & Supermarket,Bengaluru,"H.No. 96, Khanna, Street, Bengaluru",+917586280342,Sulekha,4.8,2022,09:00,22:00
Suresh Inc Ltd,Financial Services,Chennai,"H.No. 08, Subramaniam Road, Street, Chennai",+918227983482,YellowPages,3.9,2020,09:00,17:00
"Barman, Biswas and Sheth Inc",Real Estate & Housing,Pune,"H.No. 29, Dugar, Street, Pune",+916032213566,Justdial,4.0,1997,10:00,19:00
Narain-Seth LLC,Retail & Supermarket,Surat,"283, Ganguly Nagar, Street, Surat",+917984048168,Justdial,4.8,1992,09:00,22:00
Datta Inc and Sons,Fitness & Wellness,Mumbai,"55, Borra Road, Street, Mumbai",05740115303,YellowPages,4.7,2015,05:00,22:00
Nath-Raja and Sons,Real Estate & Housing,Jaipur,"723, Varkey Marg, Street, Jaipur",06666542743,YellowPages,4.4,1995,10:00,19:00
Rastogi Group Inc,Education & Training,Pune,"83/25, Halder Chowk, Street, Pune",7924428348,Bing Places,4.0,1985,08:00,17:00
"Saha, Parmar and Sundaram Group",Real Estate & Housing,Kolkata,"27/84, Deshmukh, Street, Kolkata",4911407510,YellowPages,3.0,2017,10:00,19:00
Kala Inc LLC,Financial Services,Delhi,"33, Mander Nagar, Street, Delhi",9162507708,Justdial,4.9,1999,09:00,17:00
Oza-Shukla LLC,Healthcare & Clinic,Bengaluru,"45, Munshi Street, Street, Bengaluru",04437091364,Sulekha,4.0,1998,08:00,20:00
Muni Ltd LLC,Fitness & Wellness,Delhi,"40/771, Kibe Circle, Street, Delhi",08355018533,Google Maps,4.4,2013,05:00,22:00
Datta Ltd Ltd,Healthcare & Clinic,Mumbai,"H.No. 094, Rajan Street, Street, Mumbai",2294843249,Sulekha,4.1,1989,08:00,20:00
Gaba-Dhawan LLC,Automobile & Repair,Hyderabad,"H.No. 791, Parikh Zila, Street, Hyderabad",+919239699855,YellowPages,3.1,2010,09:00,20:00
Mukhopadhyay-Bal Group,Education & Training,Chennai,"46/05, Kohli Zila, Street, Chennai",6118141203,Sulekha,3.8,1999,08:00,17:00
"Sheth, Bala and Madan Inc",Fitness & Wellness,Ahmedabad,"33, Gole Road, Street, Ahmedabad",04175632530,Sulekha,4.9,2024,05:00,22:00
Anne PLC PLC,Hospitality & Hotel,Hyderabad,"56/151, Bala Road, Street, Hyderabad",+915938541565,Bing Places,4.1,1999,24 Hours,24 Hours
"Chakrabarti, Prasad and Jain and Sons",Retail & Supermarket,Surat,"21/09, Chawla, Street, Surat",09926518241,Justdial,4.4,2019,09:00,22:00
Mody-Koshy Ltd,Automobile & Repair,Chennai,"H.No. 248, Subramaniam Zila, Street, Chennai",3895045997,Justdial,3.6,1992,09:00,20:00
Contractor and Sons LLC,IT Services & Consulting,Pune,"H.No. 48, Divan Chowk, Street, Pune",03055015468,Google Maps,3.5,2017,09:00,18:00
Nanda PLC Inc,Retail & Supermarket,Chennai,"88/34, Chacko Chowk, Street, Chennai",+918454017440,Bing Places,4.8,1999,09:00,22:00
Halder-Nagi Group,Real Estate & Housing,Delhi,"30/544, Savant Road, Street, Delhi",2780836778,Justdial,3.7,2007,10:00,19:00
Nagarajan-Gara Group,Financial Services,Surat,"20/412, Ramanathan Path, Street, Surat",04812179643,Google Maps,4.9,1955,09:00,17:00
"Subramaniam, Bhat and Baral and Sons",Education & Training,Mumbai,"32/175, Karan Ganj, Street, Mumbai",08686104283,Justdial,4.0,2010,08:00,17:00
Soni Inc and Sons,Education & Training,Chennai,"H.No. 00, Mani Marg, Street, Chennai",2509078643,Justdial,3.9,2002,08:00,17:00
Talwar-Ram Ltd,Retail & Supermarket,Kolkata,"075, Shan Marg, Street, Kolkata",03513703118,YellowPages,3.8,2012,09:00,22:00
"Krishnamurthy, Nayar and Sundaram LLC",Automobile & Repair,Jaipur,"H.No. 41, Mall Zila, Street, Jaipur",06875484232,YellowPages,3.1,1999,09:00,20:00
"Sachdev, Merchant and Apte and Sons",Retail & Supermarket,Pune,"H.No. 73, Nath Chowk, Street, Pune",0117824575,YellowPages,4.3,1994,09:00,22:00
"Dave, Shetty and Keer and Sons",IT Services & Consulting,Delhi,"H.No. 141, Gera Marg, Street, Delhi",01593619420,Sulekha,3.8,2004,09:00,18:00
"Dhillon, Magar and Bhattacharyya LLC",IT Services & Consulting,Mumbai,"H.No. 526, Yadav Marg, Street, Mumbai",+913339688029,Google Maps,3.7,2019,09:00,18:00
Choudhary and Sons Inc,Healthcare & Clinic,Hyderabad,"488, Thakkar Zila, Street, Hyderabad",06418656309,YellowPages,4.5,1989,08:00,20:00
Dutta-Ben Inc,Restaurant & Cafe,Hyderabad,"24/013, Chand Nagar, Street, Hyderabad",+918962706151,YellowPages,4.8,2009,11:00,23:00
Ramanathan and Sons PLC,Retail & Supermarket,Chennai,"152, Ratti Marg, Street, Chennai",05138972121,Sulekha,4.3,1992,09:00,22:00
Ratta Group Group,Financial Services,Chennai,"933, Randhawa Circle, Street, Chennai",+919345068564,Justdial,4.7,1983,09:00,17:00
Chada-Nori Ltd,Healthcare & Clinic,Jaipur,"91/73, Chaudry Street, Street, Jaipur",06353262647,Justdial,4.1,2016,08:00,20:00
Dhingra-Loyal Group,Fitness & Wellness,Ahmedabad,"H.No. 884, Thakur Circle, Street, Ahmedabad",+911926545419,Sulekha,4.8,2024,05:00,22:00
Apte LLC Inc,Fitness & Wellness,Kolkata,"90/176, Shere, Street, Kolkata",0805790755,Bing Places,4.5,2015,05:00,22:00
Dora-Handa Ltd,IT Services & Consulting,Chennai,"H.No. 87, Roy Chowk, Street, Chennai",07571470078,Bing Places,4.8,1996,09:00,18:00
Nair PLC Inc,IT Services & Consulting,Chennai,"23, Narain Circle, Street, Chennai",+915440386845,Bing Places,3.8,1996,09:00,18:00
Reddy Inc LLC,Fitness & Wellness,Ahmedabad,"H.No. 221, Comar Road, Street, Ahmedabad",01514648914,YellowPages,4.4,2015,05:00,22:00
Gara-Rana and Sons,Healthcare & Clinic,Hyderabad,"H.No. 75, Gera Chowk, Street, Hyderabad",+910312216247,Sulekha,4.9,2020,08:00,20:00
"Sheth, Baral and Chand Group",Restaurant & Cafe,Mumbai,"H.No. 48, Kant Nagar, Street, Mumbai",06753014598,Bing Places,4.0,2021,11:00,23:00
Lad-Goda LLC,IT Services & Consulting,Bengaluru,"H.No. 56, Arora Nagar, Street, Bengaluru",01816536147,Justdial,3.8,1991,09:00,18:00
Kapadia Group Inc,IT Services & Consulting,Bengaluru,"H.No. 327, Prasad Street, Street, Bengaluru",9515537839,Google Maps,4.3,1993,09:00,18:00
Misra-Chad and Sons,Education & Training,Kolkata,"20/587, Mane Street, Street, Kolkata",+911254587048,YellowPages,4.1,2003,08:00,17:00
Kamdar Inc and Sons,Education & Training,Delhi,"193, Ravi Path, Street, Delhi",7701129455,Bing Places,3.9,2010,08:00,17:00
Varkey-Sandal Group,Restaurant & Cafe,Surat,"H.No. 802, Chauhan Ganj, Street, Surat",1939887535,Sulekha,4.8,2005,11:00,23:00
"Mutti, Saraf and Acharya and Sons",Fitness & Wellness,Mumbai,"08/03, Viswanathan Nagar, Street, Mumbai",+917531101622,Sulekha,4.6,2016,05:00,22:00
Merchant-Ghosh PLC,Healthcare & Clinic,Hyderabad,"432, Ram Zila, Street, Hyderabad",+919916405889,Bing Places,4.0,1986,24 Hours,24 Hours
Atwal-Bajwa PLC,Financial Services,Chennai,"52/237, Andra Street, Street, Chennai",+912433687721,Justdial,4.9,2000,09:00,17:00
Sathe Ltd LLC,Restaurant & Cafe,Delhi,"611, Soman Chowk, Street, Delhi",1685747690,Sulekha,4.0,2000,11:00,23:00
"Chaudhuri, Thakur and Master and Sons",Financial Services,Pune,"14, Choudhary Marg, Street, Pune",09988892983,Google Maps,5.0,1989,09:00,17:00
"Krishnamurthy, Soni and Sha Ltd",Fitness & Wellness,Mumbai,"09/96, Wagle, Street, Mumbai",02190205136,Sulekha,4.2,2023,05:00,22:00
Chaudhry PLC LLC,Real Estate & Housing,Bengaluru,"79, Nazareth Street, Street, Bengaluru",4837156282,Justdial,4.0,2020,10:00,19:00
Murthy LLC Group,Retail & Supermarket,Hyderabad,"474, Chaudhary Nagar, Street, Hyderabad",8133152195,Bing Places,4.7,2017,09:00,22:00
Buch LLC Inc,Restaurant & Cafe,Jaipur,"47/101, Rout Nagar, Street, Jaipur",5130749372,YellowPages,3.5,2011,11:00,23:00
Wali-Yohannan Ltd,Automobile & Repair,Delhi,"H.No. 84, Bhandari Ganj, Street, Delhi",04874239685,YellowPages,4.6,1990,09:00,20:00
Bumb Group and Sons,Real Estate & Housing,Hyderabad,"23, Gupta Marg, Street, Hyderabad",0802042535,YellowPages,3.9,2016,10:00,19:00
Banik-Kalla Inc,Healthcare & Clinic,Surat,"23/924, Balakrishnan Circle, Street, Surat",00879011565,YellowPages,3.8,2014,08:00,20:00
Balan Ltd PLC,Fitness & Wellness,Hyderabad,"195, Bandi Street, Street, Hyderabad",0398754133,YellowPages,4.7,2012,05:00,22:00
Dhar-Reddy Ltd,IT Services & Consulting,Kolkata,"H.No. 82, Purohit Path, Street, Kolkata",02254619912,Justdial,4.0,2018,09:00,18:00
Bedi Inc and Sons,Restaurant & Cafe,Mumbai,"58/29, Wagle Street, Street, Mumbai",+916267289978,Bing Places,3.5,2018,11:00,23:00
Bala-Kant PLC,Hospitality & Hotel,Hyderabad,"17/33, Wali Marg, Street, Hyderabad",+917409182862,YellowPages,4.7,1988,24 Hours,24 Hours
Jaggi and Sons and Sons,Financial Services,Hyderabad,"H.No. 37, Salvi Nagar, Street, Hyderabad",7856477210,Justdial,4.1,2002,09:00,17:00
Maharaj-Dubey LLC,Hospitality & Hotel,Ahmedabad,"22, Koshy, Street, Ahmedabad",+919838656074,Google Maps,4.1,1993,24 Hours,24 Hours
Mallick-Gole Group,Automobile & Repair,Kolkata,"77/12, Majumdar Zila, Street, Kolkata",+919432967209,Sulekha,4.0,2018,09:00,20:00
Chada LLC LLC,Real Estate & Housing,Bengaluru,"58/623, Nori Ganj, Street, Bengaluru",02639336804,Sulekha,3.5,2010,10:00,19:00
"Mahal, Ramesh and Iyer LLC",Real Estate & Housing,Surat,"58, Kumer Marg, Street, Surat",+915207961289,Sulekha,4.0,2019,10:00,19:00
Vohra-Narain and Sons,Restaurant & Cafe,Delhi,"95, Desai Nagar, Street, Delhi",04211006017,YellowPages,4.6,2019,11:00,23:00
Rao-Shukla Inc,Healthcare & Clinic,Bengaluru,"H.No. 33, Mann Zila, Street, Bengaluru",01532225392,Justdial,4.5,2002,24 Hours,24 Hours
Raval Group PLC,Restaurant & Cafe,Pune,"23/05, Banik Road, Street, Pune",+910033679675,YellowPages,4.2,2015,11:00,23:00
"Sama, Sant and Wason and Sons",Restaurant & Cafe,Jaipur,"H.No. 943, Keer, Street, Jaipur",+917967128075,YellowPages,4.1,2005,11:00,23:00
"Loyal, Lanka and Bava LLC",Restaurant & Cafe,Pune,"89/08, Jayaraman Ganj, Street, Pune",2325617098,YellowPages,4.9,2001,11:00,23:00
Bhardwaj LLC Ltd,Hospitality & Hotel,Bengaluru,"H.No. 03, Mani Marg, Street, Bengaluru",09862174398,YellowPages,3.6,1998,24 Hours,24 Hours
Muni Group Inc,Hospitality & Hotel,Ahmedabad,"18, Pillai Marg, Street, Ahmedabad",05973906913,YellowPages,4.5,2023,24 Hours,24 Hours
"Bhagat, Devan and Mannan LLC",Hospitality & Hotel,Surat,"07/653, Dash, Street, Surat",+913250697444,Bing Places,4.9,2012,24 Hours,24 Hours
Ganguly-Date PLC,Restaurant & Cafe,Surat,"H.No. 402, Bhatnagar Street, Street, Surat",06437094689,Justdial,4.9,2013,11:00,23:00
Din PLC Group,Real Estate & Housing,Mumbai,"844, Chandra Chowk, Street, Mumbai",02287098820,Bing Places,4.7,2011,10:00,19:00
"Doshi, Kanda and Sahni LLC",Real Estate & Housing,Delhi,"58/43, Cherian Street, Street, Delhi",+919960386925,YellowPages,4.0,2018,10:00,19:00
Char PLC Inc,Real Estate & Housing,Mumbai,"748, Savant Nagar, Street, Mumbai",+918145689635,Bing Places,4.3,2015,10:00,19:00
"Wagle, Jani and Dada and Sons",Financial Services,Jaipur,"00/827, Chandra Nagar, Street, Jaipur",+913750855250,Google Maps,3.7,1969,09:00,17:00
Mannan LLC PLC,Retail & Supermarket,Surat,"37/70, Pai Nagar, Street, Surat",7317548856,Google Maps,4.5,2001,09:00,22:00
Boase Inc PLC,Education & Training,Ahmedabad,"12/468, Choudhary Zila, Street, Ahmedabad",9203640195,Bing Places,3.3,1996,08:00,17:00
Anand Ltd Ltd,Fitness & Wellness,Kolkata,"H.No. 352, Swaminathan Path, Street, Kolkata",00193941877,YellowPages,4.1,2012,05:00,22:00
Kalita Ltd and Sons,Retail & Supermarket,Pune,"H.No. 63, Rajagopalan Nagar, Street, Pune",+914774547534,YellowPages,4.6,1991,09:00,22:00
"Dani, Sampath and Saxena Inc",IT Services & Consulting,Delhi,"15/74, Menon Chowk, Street, Delhi",02478335619,Sulekha,4.7,2013,09:00,18:00
"Raja, Parmar and Nath Ltd",IT Services & Consulting,Surat,"H.No. 34, Dua Marg, Street, Surat",02745192643,Sulekha,4.0,2009,09:00,18:00
"Konda, Aurora and Oak LLC",Real Estate & Housing,Delhi,"44, Kara Nagar, Street, Delhi",7534837633,Google Maps,2.8,2023,10:00,19:00
Shanker-Pingle and Sons,Fitness & Wellness,Hyderabad,"H.No. 930, Shere Ganj, Street, Hyderabad",+915716635158,Google Maps,4.0,2012,05:00,22:00
Varma Group and Sons,Healthcare & Clinic,Hyderabad,"H.No. 85, Srinivas Nagar, Street, Hyderabad",2069890331,YellowPages,4.2,2007,24 Hours,24 Hours
"Bhatt, Lala and Mammen PLC",Healthcare & Clinic,Kolkata,"H.No. 40, Garde Chowk, Street, Kolkata",03188041911,YellowPages,4.6,1984,08:00,20:00
"Sagar, Cherian and Sodhi Ltd",Financial Services,Ahmedabad,"84/74, Agarwal Zila, Street, Ahmedabad",+919979549208,Sulekha,4.1,2003,09:00,17:00
Nadig Ltd Ltd,Restaurant & Cafe,Kolkata,"99/11, Kant, Street, Kolkata",00065883969,Google Maps,3.3,2013,11:00,23:00
"Sekhon, Chakrabarti and Dass and Sons",Healthcare & Clinic,Ahmedabad,"67/87, Goswami Nagar, Street, Ahmedabad",+910612457738,Sulekha,3.8,1981,08:00,20:00
Patil PLC LLC,Fitness & Wellness,Bengaluru,"13, Warrior Nagar, Street, Bengaluru",+915102538883,YellowPages,4.3,2011,05:00,22:00
Verma Group and Sons,Real Estate & Housing,Surat,"57, Sibal Path, Street, Surat",+912128896191,Google Maps,2.6,2020,10:00,19:00
Bhatia-Bhattacharyya Ltd,Financial Services,Mumbai,"09, Sarna Path, Street, Mumbai",3486938100,Bing Places,3.8,1983,09:00,17:00
"Patla, Varma and Khosla PLC",Education & Training,Kolkata,"H.No. 16, Bali, Street, Kolkata",04081815474,Bing Places,4.4,2016,08:00,17:00
Apte Group Group,Financial Services,Mumbai,"51, Bahri Nagar, Street, Mumbai",00316202785,YellowPages,4.4,2014,09:00,17:00
"Apte, Kata and Char PLC",Education & Training,Kolkata,"86/962, Verma Street, Street, Kolkata",+911832947633,YellowPages,4.1,1994,08:00,17:00
Chopra-Mand Ltd,Retail & Supermarket,Bengaluru,"20/35, Biswas Street, Street, Bengaluru",+918681736449,Sulekha,4.2,2014,09:00,22:00
"Bala, Bir and Thakur Inc",Education & Training,Chennai,"83/509, Vohra Ganj, Street, Chennai",+913908088955,Sulekha,4.3,1975,08:00,17:00
Chhabra-Subramanian Inc,Financial Services,Mumbai,"929, Maharaj Ganj, Street, Mumbai",+918491698232,Sulekha,4.8,1992,09:00,17:00
"Shetty, Tiwari and Gupta Group",IT Services & Consulting,Kolkata,"856, Sule Chowk, Street, Kolkata",0611384765,Sulekha,4.7,2003,09:00,18:00
Varughese LLC LLC,Fitness & Wellness,Hyderabad,"H.No. 241, Sama Nagar, Street, Hyderabad",+915234144887,YellowPages,3.9,2013,05:00,22:00
"Patla, Chanda and Sagar Group",IT Services & Consulting,Pune,"389, Bir Street, Street, Pune",08560324700,Sulekha,4.3,2017,09:00,18:00
Lala LLC LLC,Hospitality & Hotel,Jaipur,"H.No. 14, Oommen Marg, Street, Jaipur",8255319626,YellowPages,4.9,1996,24 Hours,24 Hours
"Devan, Agate and Pathak and Sons",IT Services & Consulting,Surat,"647, Sodhi Path, Street, Surat",+919210203387,Sulekha,3.7,2005,09:00,18:00
"Om, Munshi and Sharma Ltd",Fitness & Wellness,Ahmedabad,"159, Kanda Ganj, Street, Ahmedabad",03765056088,Sulekha,4.1,2023,05:00,22:00
Natt-Banerjee Inc,Hospitality & Hotel,Delhi,"H.No. 62, Lanka Zila, Street, Delhi",02203054149,Google Maps,3.9,1995,24 Hours,24 Hours
Prabhakar-Garde LLC,IT Services & Consulting,Jaipur,"780, Singh Marg, Street, Jaipur",01075088421,Google Maps,3.7,1990,09:00,18:00
Golla-Dave LLC,Real Estate & Housing,Kolkata,"H.No. 187, Varughese Nagar, Street, Kolkata",03946902707,Justdial,3.0,2001,10:00,19:00
Mane LLC and Sons,Real Estate & Housing,Kolkata,"63/18, Panchal Zila, Street, Kolkata",03034557000,Google Maps,2.9,2008,10:00,19:00
"Bajaj, Murty and Tiwari and Sons",Restaurant & Cafe,Mumbai,"79/02, Kapadia Road, Street, Mumbai",2560985760,Justdial,4.7,2022,11:00,23:00
Loke-Nazareth Inc,IT Services & Consulting,Pune,"391, Rau Zila, Street, Pune",+917809911377,Justdial,4.4,2019,09:00,18:00
"Nigam, Butala and Merchant Ltd",Automobile & Repair,Mumbai,"043, Varkey Street, Street, Mumbai",8380386586,YellowPages,3.5,2008,09:00,20:00
Mani-Choudhary and Sons,Financial Services,Ahmedabad,"46/865, Ramanathan Chowk, Street, Ahmedabad",1671799344,Justdial,3.9,1998,09:00,17:00
"Malhotra, Saxena and Gill PLC",Fitness & Wellness,Ahmedabad,"02/06, Patel Circle, Street, Ahmedabad",+913433612253,Google Maps,4.9,2018,05:00,22:00
Mistry-Mahal LLC,Fitness & Wellness,Surat,"11/99, Gera Path, Street, Surat",4169897412,Google Maps,4.2,2022,05:00,22:00
"Cherian, Arya and Chaudhuri Inc",Education & Training,Mumbai,"61/697, Chahal Path, Street, Mumbai",04047417609,Google Maps,4.3,1993,08:00,17:00
"Sathe, Buch and Subramaniam LLC",Healthcare & Clinic,Surat,"50, Edwin Nagar, Street, Surat",08205914395,Google Maps,4.5,1992,24 Hours,24 Hours
Mukherjee LLC and Sons,IT Services & Consulting,Jaipur,"03/72, Dada Marg, Street, Jaipur",8920231414,Sulekha,3.9,2000,09:00,18:00
Mannan-Krishna Group,IT Services & Consulting,Pune,"62/330, Om Street, Street, Pune",+914024104161,YellowPages,4.8,2013,09:00,18:00
Narain-Chander Group,Automobile & Repair,Pune,"57, Salvi Road, Street, Pune",+918109778264,Bing Places,4.5,2009,09:00,20:00
Padmanabhan-Kapadia Group,IT Services & Consulting,Hyderabad,"33, Prashad Road, Street, Hyderabad",1296074335,Google Maps,3.8,2016,09:00,18:00
Keer Ltd PLC,Real Estate & Housing,Mumbai,"519, Nigam Marg, Street, Mumbai",06471194250,Sulekha,4.5,1995,10:00,19:00
Savant Group and Sons,IT Services & Consulting,Delhi,"H.No. 14, Halder Path, Street, Delhi",+911193202645,Sulekha,4.3,1995,09:00,18:00
Kala-Singh Ltd,Restaurant & Cafe,Ahmedabad,"37, Sengupta, Street, Ahmedabad",06721015745,Justdial,4.8,2015,11:00,23:00
Sachar Ltd Inc,Education & Training,Jaipur,"21, Sem Ganj, Street, Jaipur",8235477765,Bing Places,3.7,1984,08:00,17:00
Sen-Purohit Inc,Retail & Supermarket,Jaipur,"H.No. 859, Mane Road, Street, Jaipur",+911961748434,Sulekha,4.8,2000,09:00,22:00
"Shan, Mane and Srivastava and Sons",Education & Training,Jaipur,"H.No. 484, Sachar Nagar, Street, Jaipur",03495811555,YellowPages,4.3,1997,08:00,17:00
Verma-Hora Ltd,Hospitality & Hotel,Ahmedabad,"390, Mutti Road, Street, Ahmedabad",+913453342208,Google Maps,4.6,2006,24 Hours,24 Hours
"Buch, Sastry and Shenoy and Sons",Financial Services,Kolkata,"H.No. 459, Chauhan Road, Street, Kolkata",+918336300330,Justdial,3.5,1976,09:00,17:00
"Sule, Seshadri and Batra Ltd",Real Estate & Housing,Jaipur,"69/82, Mittal Street, Street, Jaipur",04944567215,Google Maps,3.6,2017,10:00,19:00
Dayal PLC Inc,Automobile & Repair,Pune,"H.No. 059, Nazareth, Street, Pune",00207837762,YellowPages,3.5,2015,09:00,20:00
Talwar-Gulati LLC,Hospitality & Hotel,Pune,"65/41, Majumdar Ganj, Street, Pune",00731788147,Google Maps,4.0,1997,24 Hours,24 Hours
"Ganguly, Deep and Kala and Sons",IT Services & Consulting,Delhi,"96/33, Arya Ganj, Street, Delhi",07146065752,Google Maps,4.8,1995,09:00,18:00
Karpe PLC and Sons,Hospitality & Hotel,Kolkata,"H.No. 08, Bora Street, Street, Kolkata",+915921599466,Bing Places,4.4,2016,24 Hours,24 Hours
Sunder Group Ltd,Hospitality & Hotel,Bengaluru,"30, Tank Chowk, Street, Bengaluru",0521092487,Google Maps,4.9,2014,24 Hours,24 Hours
"Prabhakar, Krishnan and Sethi Ltd",IT Services & Consulting,Kolkata,"19/455, Krish Circle, Street, Kolkata",9248962817,Justdial,4.7,1995,09:00,18:00
Vig-Palla and Sons,Financial Services,Hyderabad,"14, Dave Nagar, Street, Hyderabad",05181500612,Google Maps,4.1,1987,09:00,17:00
De PLC Group,Real Estate & Housing,Pune,"87/675, Saran Zila, Street, Pune",01501237295,Sulekha,4.1,2003,10:00,19:00
Natt PLC Ltd,Automobile & Repair,Kolkata,"24/136, Banik Path, Street, Kolkata",+919906027236,Google Maps,4.5,2005,09:00,20:00
Kanda-Vaidya Ltd,Restaurant & Cafe,Bengaluru,"H.No. 06, Arora, Street, Bengaluru",1214953961,Sulekha,3.8,2004,11:00,23:00
"Balay, Chowdhury and Kurian and Sons",Education & Training,Surat,"766, Kannan Zila, Street, Surat",+919653865918,Sulekha,4.2,1973,08:00,17:00
"Sarraf, Majumdar and Khare and Sons",Education & Training,Chennai,"04/220, Sen Street, Street, Chennai",01797812588,Google Maps,3.7,2006,08:00,17:00
"Thakur, Memon and Sharaf Inc",Real Estate & Housing,Mumbai,"817, Das Zila, Street, Mumbai",05454456250,Google Maps,3.9,2004,10:00,19:00
"Oak, Lad and Shetty Group",Real Estate & Housing,Bengaluru,"90/972, Sandhu Ganj, Street, Bengaluru",+918854894509,Bing Places,4.4,2000,10:00,19:00
Ghose-Tripathi Inc,Restaurant & Cafe,Jaipur,"792, Kulkarni Marg, Street, Jaipur",05358423043,Justdial,4.8,2012,11:00,23:00
Nadkarni Inc Group,Financial Services,Ahmedabad,"71/70, Gulati Nagar, Street, Ahmedabad",1300089199,Justdial,4.5,1989,09:00,17:00
Das-Babu and Sons,Automobile & Repair,Hyderabad,"H.No. 65, Agrawal Chowk, Street, Hyderabad",+916472575027,YellowPages,4.3,1983,09:00,20:00
Kari PLC and Sons,Financial Services,Hyderabad,"H.No. 77, Prabhakar Ganj, Street, Hyderabad",6759707996,YellowPages,4.0,1994,09:00,17:00
Mandal PLC Inc,Fitness & Wellness,Delhi,"94/216, Loyal Circle, Street, Delhi",+919502976374,Google Maps,5.0,2016,05:00,22:00
Master PLC PLC,Healthcare & Clinic,Hyderabad,"99/301, Dua Path, Street, Hyderabad",03120531246,Sulekha,4.8,1998,24 Hours,24 Hours
Kapur Group Ltd,Education & Training,Hyderabad,"23/79, Sridhar Marg, Street, Hyderabad",+916960531823,Google Maps,3.5,1973,08:00,17:00
Mani-Dasgupta Ltd,Hospitality & Hotel,Chennai,"98, Seshadri Street, Street, Chennai",+917741152207,YellowPages,4.2,1983,24 Hours,24 Hours
Datta Group and Sons,Education & Training,Bengaluru,"81/53, Vohra Circle, Street, Bengaluru",04166614376,Sulekha,3.2,1979,08:00,17:00
"Bansal, Naik and Oza LLC",Education & Training,Bengaluru,"H.No. 10, Bajaj Zila, Street, Bengaluru",+918206744944,Sulekha,3.1,2019,08:00,17:00
Mann Group Ltd,Healthcare & Clinic,Ahmedabad,"26, Ramaswamy Circle, Street, Ahmedabad",+914580083896,Sulekha,4.6,1986,24 Hours,24 Hours
"Kar, Butala and Singh and Sons",Healthcare & Clinic,Kolkata,"808, Gokhale, Street, Kolkata",01869908197,YellowPages,4.9,2004,24 Hours,24 Hours
Ganesan Inc Inc,Hospitality & Hotel,Chennai,"57, Bala Zila, Street, Chennai",01999849900,Justdial,4.9,1982,24 Hours,24 Hours
Parmer-Ganesh LLC,Restaurant & Cafe,Bengaluru,"H.No. 902, Krishnamurthy, Street, Bengaluru",05462971879,YellowPages,3.9,2003,11:00,23:00
Lad Group Group,Education & Training,Chennai,"H.No. 371, Srinivasan Street, Street, Chennai",+918230277251,YellowPages,3.3,2018,08:00,17:00
"Banerjee, Oak and Maharaj Group",IT Services & Consulting,Bengaluru,"61/726, Grover Marg, Street, Bengaluru",06371440883,Google Maps,3.5,2022,09:00,18:00
Sule Ltd PLC,Retail & Supermarket,Surat,"92/052, Ravel, Street, Surat",03302647539,YellowPages,4.4,2023,09:00,22:00
Sanghvi-Thaman Group,Fitness & Wellness,Kolkata,"45/401, Bassi Zila, Street, Kolkata",1603374109,Justdial,4.1,2013,05:00,22:00
Panchal Ltd LLC,Education & Training,Mumbai,"H.No. 498, Chaudhari Chowk, Street, Mumbai",7220378647,Sulekha,3.9,1994,08:00,17:00
"Bose, Devan and Warrior Inc",Restaurant & Cafe,Bengaluru,"H.No. 03, Nanda Street, Street, Bengaluru",+912243890882,Bing Places,4.4,2010,11:00,23:00
Mohan Group Group,Restaurant & Cafe,Surat,"904, Chana Road, Street, Surat",02216654378,Google Maps,3.4,2014,11:00,23:00
"Loyal, Ratti and Radhakrishnan and Sons",Restaurant & Cafe,Mumbai,"H.No. 61, Mitter Nagar, Street, Mumbai",05949497950,Sulekha,4.8,2014,11:00,23:00
Devi-Ray LLC,Retail & Supermarket,Chennai,"018, Behl Street, Street, Chennai",+913788688570,Sulekha,4.1,2018,09:00,22:00
Varma Group Ltd,Healthcare & Clinic,Pune,"15/442, Sharaf Chowk, Street, Pune",03824886668,YellowPages,4.7,2003,08:00,20:00
Bhalla-Bhakta Inc,Automobile & Repair,Pune,"H.No. 182, Sampath Chowk, Street, Pune",1984017526,YellowPages,4.7,1980,09:00,20:00
Bhatnagar Group and Sons,Education & Training,Delhi,"79/389, Choudhary Ganj, Street, Delhi",08901472911,YellowPages,3.5,2021,08:00,17:00
